escenario,filas,estrategia,consulta,primera_s,mediana_s,min_s,max_s,repeticiones,mismo_resultado
1_mes,3765161,parquet,B1_conteo_total,0.0325,0.0265,0.0236,0.0292,5,True
1_mes,3765161,parquet,B2_viajes_por_mes,0.2954,0.3178,0.306,0.3548,5,True
1_mes,3765161,parquet,B3_demanda_hora_dia,0.5552,0.5014,0.4887,0.5443,5,True
1_mes,3765161,parquet,B4_top_zonas,0.314,0.3428,0.3145,0.3489,5,True
1_mes,3765161,parquet,B5_propinas,0.3444,0.3551,0.3485,0.3809,5,True
1_mes,3765161,parquet,B6_percentiles,0.8951,0.9106,0.8795,0.9426,5,True
1_mes,3765161,parquet,B7_un_dia,0.0973,0.0922,0.085,0.1038,5,True
1_mes,3765161,parquet,B8_filas_completas,0.945,0.9245,0.8816,1.0193,5,True
1_mes,3765161,tabla,B1_conteo_total,0.0006,0.0002,0.0001,0.0002,5,True
1_mes,3765161,tabla,B2_viajes_por_mes,0.1837,0.0426,0.0396,0.0536,5,True
1_mes,3765161,tabla,B3_demanda_hora_dia,0.0661,0.0625,0.0585,0.0703,5,True
1_mes,3765161,tabla,B4_top_zonas,0.0673,0.0522,0.0503,0.0598,5,True
1_mes,3765161,tabla,B5_propinas,0.1076,0.0947,0.0847,0.1216,5,True
1_mes,3765161,tabla,B6_percentiles,0.6443,0.6316,0.5675,0.6483,5,True
1_mes,3765161,tabla,B7_un_dia,0.0037,0.0032,0.0027,0.0034,5,True
1_mes,3765161,tabla,B8_filas_completas,0.4016,0.3028,0.2894,0.3099,5,True
2026,30040469,parquet,B1_conteo_total,0.1608,0.1398,0.1284,0.1425,5,True
2026,30040469,parquet,B2_viajes_por_mes,1.2988,1.2056,1.1845,1.2556,5,True
2026,30040469,parquet,B3_demanda_hora_dia,2.2802,2.2823,2.2032,2.3331,5,True
2026,30040469,parquet,B4_top_zonas,1.3693,1.3234,1.2854,1.3591,5,True
2026,30040469,parquet,B5_propinas,1.7571,1.8235,1.7823,1.9911,5,True
2026,30040469,parquet,B6_percentiles,5.7937,6.0149,5.7898,6.317,5,True
2026,30040469,parquet,B7_un_dia,0.2423,0.2221,0.2205,0.2511,5,True
2026,30040469,parquet,B8_filas_completas,2.5713,2.3533,2.341,2.4916,5,True
2026,30040469,tabla,B1_conteo_total,0.0015,0.0003,0.0002,0.0003,5,True
2026,30040469,tabla,B2_viajes_por_mes,1.1357,0.2573,0.2542,0.2718,5,True
2026,30040469,tabla,B3_demanda_hora_dia,0.3811,0.3794,0.374,0.3827,5,True
2026,30040469,tabla,B4_top_zonas,0.3676,0.3194,0.2979,0.3616,5,True
2026,30040469,tabla,B5_propinas,1.0181,0.9458,0.7502,0.9502,5,True
2026,30040469,tabla,B6_percentiles,4.9778,5.0805,4.8869,5.2372,5,True
2026,30040469,tabla,B7_un_dia,0.0036,0.003,0.003,0.0038,5,True
2026,30040469,tabla,B8_filas_completas,1.2649,0.7824,0.7555,0.8458,5,True
2024+2026,71870407,parquet,B1_conteo_total,0.3211,0.2939,0.2679,0.6369,5,True
2024+2026,71870407,parquet,B2_viajes_por_mes,2.7504,2.5899,2.5669,2.6537,5,True
2024+2026,71870407,parquet,B3_demanda_hora_dia,4.9765,4.9357,4.8128,5.2325,5,True
2024+2026,71870407,parquet,B4_top_zonas,2.7569,2.7513,2.6924,3.0129,5,True
2024+2026,71870407,parquet,B5_propinas,4.3534,4.3434,4.0607,4.7173,5,True
2024+2026,71870407,parquet,B6_percentiles,11.9165,12.2145,11.813,12.7645,5,True
2024+2026,71870407,parquet,B7_un_dia,0.5468,0.9818,0.5497,1.1619,5,True
2024+2026,71870407,parquet,B8_filas_completas,4.7093,4.4476,4.1614,4.7633,5,True
2024+2026,71870407,tabla,B1_conteo_total,0.0061,0.0003,0.0003,0.0006,5,True
2024+2026,71870407,tabla,B2_viajes_por_mes,2.5608,0.5307,0.5239,0.5488,5,True
2024+2026,71870407,tabla,B3_demanda_hora_dia,0.7913,0.7854,0.7822,0.8149,5,True
2024+2026,71870407,tabla,B4_top_zonas,0.7876,0.6257,0.6151,0.6401,5,True
2024+2026,71870407,tabla,B5_propinas,2.585,2.1113,2.0185,2.3531,5,True
2024+2026,71870407,tabla,B6_percentiles,11.0892,10.4955,10.1943,11.1907,5,True
2024+2026,71870407,tabla,B7_un_dia,0.0043,0.0034,0.0029,0.0036,5,True
2024+2026,71870407,tabla,B8_filas_completas,1.9631,1.023,0.9731,1.1018,5,True
